[{"model": "admin.logentry", "pk": 1, "fields": {"action_time": "2023-04-19T06:19:08.411Z", "user": 1, "content_type": 8, "object_id": "30", "object_repr": "Shoals", "action_flag": 2, "change_message": "[{\"changed\": {\"fields\": [\"Status\", \"Res start time\", \"Res end time\"]}}]"}}, {"model": "admin.logentry", "pk": 2, "fields": {"action_time": "2023-04-19T06:19:31.649Z", "user": 1, "content_type": 8, "object_id": "29", "object_repr": "Castle House", "action_flag": 2, "change_message": "[{\"changed\": {\"fields\": [\"Status\", \"Res start time\", \"Res end time\"]}}]"}}, {"model": "admin.logentry", "pk": 3, "fields": {"action_time": "2023-04-19T06:19:35.021Z", "user": 1, "content_type": 8, "object_id": "28", "object_repr": "Park House", "action_flag": 2, "change_message": "[]"}}, {"model": "admin.logentry", "pk": 4, "fields": {"action_time": "2023-04-19T06:19:38.883Z", "user": 1, "content_type": 8, "object_id": "25", "object_repr": "Shoals", "action_flag": 2, "change_message": "[]"}}, {"model": "admin.logentry", "pk": 5, "fields": {"action_time": "2023-04-19T06:20:12.741Z", "user": 1, "content_type": 8, "object_id": "23", "object_repr": "Rock House", "action_flag": 2, "change_message": "[{\"changed\": {\"fields\": [\"Status\", \"Res start time\", \"Res end time\"]}}]"}}, {"model": "admin.logentry", "pk": 6, "fields": {"action_time": "2023-04-19T06:20:32.961Z", "user": 1, "content_type": 8, "object_id": "10", "object_repr": "Bear House", "action_flag": 2, "change_message": "[{\"changed\": {\"fields\": [\"Status\"]}}]"}}, {"model": "admin.logentry", "pk": 7, "fields": {"action_time": "2023-04-19T06:20:52.240Z", "user": 1, "content_type": 8, "object_id": "14", "object_repr": "Gravity House", "action_flag": 2, "change_message": "[{\"changed\": {\"fields\": [\"Status\"]}}]"}}, {"model": "admin.logentry", "pk": 8, "fields": {"action_time": "2023-04-19T06:21:13.867Z", "user": 1, "content_type": 8, "object_id": "4", "object_repr": "Bear House", "action_flag": 2, "change_message": "[{\"changed\": {\"fields\": [\"Status\"]}}]"}}, {"model": "admin.logentry", "pk": 9, "fields": {"action_time": "2023-04-19T06:21:23.843Z", "user": 1, "content_type": 8, "object_id": "6", "object_repr": "The Chumbucket", "action_flag": 2, "change_message": "[{\"changed\": {\"fields\": [\"Status\"]}}]"}}, {"model": "admin.logentry", "pk": 10, "fields": {"action_time": "2023-04-19T06:21:36.219Z", "user": 1, "content_type": 8, "object_id": "11", "object_repr": "Pink Gold House", "action_flag": 2, "change_message": "[{\"changed\": {\"fields\": [\"Status\"]}}]"}}, {"model": "auth.permission", "pk": 1, "fields": {"name": "Can add log entry", "content_type": 1, "codename": "add_logentry"}}, {"model": "auth.permission", "pk": 2, "fields": {"name": "Can change log entry", "content_type": 1, "codename": "change_logentry"}}, {"model": "auth.permission", "pk": 3, "fields": {"name": "Can delete log entry", "content_type": 1, "codename": "delete_logentry"}}, {"model": "auth.permission", "pk": 4, "fields": {"name": "Can view log entry", "content_type": 1, "codename": "view_logentry"}}, {"model": "auth.permission", "pk": 5, "fields": {"name": "Can add permission", "content_type": 2, "codename": "add_permission"}}, {"model": "auth.permission", "pk": 6, "fields": {"name": "Can change permission", "content_type": 2, "codename": "change_permission"}}, {"model": "auth.permission", "pk": 7, "fields": {"name": "Can delete permission", "content_type": 2, "codename": "delete_permission"}}, {"model": "auth.permission", "pk": 8, "fields": {"name": "Can view permission", "content_type": 2, "codename": "view_permission"}}, {"model": "auth.permission", "pk": 9, "fields": {"name": "Can add group", "content_type": 3, "codename": "add_group"}}, {"model": "auth.permission", "pk": 10, "fields": {"name": "Can change group", "content_type": 3, "codename": "change_group"}}, {"model": "auth.permission", "pk": 11, "fields": {"name": "Can delete group", "content_type": 3, "codename": "delete_group"}}, {"model": "auth.permission", "pk": 12, "fields": {"name": "Can view group", "content_type": 3, "codename": "view_group"}}, {"model": "auth.permission", "pk": 13, "fields": {"name": "Can add content type", "content_type": 4, "codename": "add_contenttype"}}, {"model": "auth.permission", "pk": 14, "fields": {"name": "Can change content type", "content_type": 4, "codename": "change_contenttype"}}, {"model": "auth.permission", "pk": 15, "fields": {"name": "Can delete content type", "content_type": 4, "codename": "delete_contenttype"}}, {"model": "auth.permission", "pk": 16, "fields": {"name": "Can view content type", "content_type": 4, "codename": "view_contenttype"}}, {"model": "auth.permission", "pk": 17, "fields": {"name": "Can add session", "content_type": 5, "codename": "add_session"}}, {"model": "auth.permission", "pk": 18, "fields": {"name": "Can change session", "content_type": 5, "codename": "change_session"}}, {"model": "auth.permission", "pk": 19, "fields": {"name": "Can delete session", "content_type": 5, "codename": "delete_session"}}, {"model": "auth.permission", "pk": 20, "fields": {"name": "Can view session", "content_type": 5, "codename": "view_session"}}, {"model": "auth.permission", "pk": 21, "fields": {"name": "Can add user", "content_type": 6, "codename": "add_user"}}, {"model": "auth.permission", "pk": 22, "fields": {"name": "Can change user", "content_type": 6, "codename": "change_user"}}, {"model": "auth.permission", "pk": 23, "fields": {"name": "Can delete user", "content_type": 6, "codename": "delete_user"}}, {"model": "auth.permission", "pk": 24, "fields": {"name": "Can view user", "content_type": 6, "codename": "view_user"}}, {"model": "auth.permission", "pk": 25, "fields": {"name": "Can add property", "content_type": 7, "codename": "add_property"}}, {"model": "auth.permission", "pk": 26, "fields": {"name": "Can change property", "content_type": 7, "codename": "change_property"}}, {"model": "auth.permission", "pk": 27, "fields": {"name": "Can delete property", "content_type": 7, "codename": "delete_property"}}, {"model": "auth.permission", "pk": 28, "fields": {"name": "Can view property", "content_type": 7, "codename": "view_property"}}, {"model": "auth.permission", "pk": 29, "fields": {"name": "Can add reservation", "content_type": 8, "codename": "add_reservation"}}, {"model": "auth.permission", "pk": 30, "fields": {"name": "Can change reservation", "content_type": 8, "codename": "change_reservation"}}, {"model": "auth.permission", "pk": 31, "fields": {"name": "Can delete reservation", "content_type": 8, "codename": "delete_reservation"}}, {"model": "auth.permission", "pk": 32, "fields": {"name": "Can view reservation", "content_type": 8, "codename": "view_reservation"}}, {"model": "auth.permission", "pk": 33, "fields": {"name": "Can add property image", "content_type": 9, "codename": "add_propertyimage"}}, {"model": "auth.permission", "pk": 34, "fields": {"name": "Can change property image", "content_type": 9, "codename": "change_propertyimage"}}, {"model": "auth.permission", "pk": 35, "fields": {"name": "Can delete property image", "content_type": 9, "codename": "delete_propertyimage"}}, {"model": "auth.permission", "pk": 36, "fields": {"name": "Can view property image", "content_type": 9, "codename": "view_propertyimage"}}, {"model": "auth.permission", "pk": 37, "fields": {"name": "Can add property availability", "content_type": 10, "codename": "add_propertyavailability"}}, {"model": "auth.permission", "pk": 38, "fields": {"name": "Can change property availability", "content_type": 10, "codename": "change_propertyavailability"}}, {"model": "auth.permission", "pk": 39, "fields": {"name": "Can delete property availability", "content_type": 10, "codename": "delete_propertyavailability"}}, {"model": "auth.permission", "pk": 40, "fields": {"name": "Can view property availability", "content_type": 10, "codename": "view_propertyavailability"}}, {"model": "auth.permission", "pk": 41, "fields": {"name": "Can add notification", "content_type": 11, "codename": "add_notification"}}, {"model": "auth.permission", "pk": 42, "fields": {"name": "Can change notification", "content_type": 11, "codename": "change_notification"}}, {"model": "auth.permission", "pk": 43, "fields": {"name": "Can delete notification", "content_type": 11, "codename": "delete_notification"}}, {"model": "auth.permission", "pk": 44, "fields": {"name": "Can view notification", "content_type": 11, "codename": "view_notification"}}, {"model": "auth.permission", "pk": 45, "fields": {"name": "Can add comment", "content_type": 12, "codename": "add_comment"}}, {"model": "auth.permission", "pk": 46, "fields": {"name": "Can change comment", "content_type": 12, "codename": "change_comment"}}, {"model": "auth.permission", "pk": 47, "fields": {"name": "Can delete comment", "content_type": 12, "codename": "delete_comment"}}, {"model": "auth.permission", "pk": 48, "fields": {"name": "Can view comment", "content_type": 12, "codename": "view_comment"}}, {"model": "contenttypes.contenttype", "pk": 1, "fields": {"app_label": "admin", "model": "logentry"}}, {"model": "contenttypes.contenttype", "pk": 2, "fields": {"app_label": "auth", "model": "permission"}}, {"model": "contenttypes.contenttype", "pk": 3, "fields": {"app_label": "auth", "model": "group"}}, {"model": "contenttypes.contenttype", "pk": 4, "fields": {"app_label": "contenttypes", "model": "contenttype"}}, {"model": "contenttypes.contenttype", "pk": 5, "fields": {"app_label": "sessions", "model": "session"}}, {"model": "contenttypes.contenttype", "pk": 6, "fields": {"app_label": "accounts", "model": "user"}}, {"model": "contenttypes.contenttype", "pk": 7, "fields": {"app_label": "properties", "model": "property"}}, {"model": "contenttypes.contenttype", "pk": 8, "fields": {"app_label": "properties", "model": "reservation"}}, {"model": "contenttypes.contenttype", "pk": 9, "fields": {"app_label": "properties", "model": "propertyimage"}}, {"model": "contenttypes.contenttype", "pk": 10, "fields": {"app_label": "properties", "model": "propertyavailability"}}, {"model": "contenttypes.contenttype", "pk": 11, "fields": {"app_label": "properties", "model": "notification"}}, {"model": "contenttypes.contenttype", "pk": 12, "fields": {"app_label": "properties", "model": "comment"}}, {"model": "sessions.session", "pk": "p9eq4r2alfc7bz860dge97a83v6lgyek", "fields": {"session_data": ".eJxVjEsOwjAMBe-SNYqcTxvDkn3PUDm2QwsolfpZIe4OlbqA7ZuZ9zI9bevQb4vO_SjmYpw5_W6Z-KF1B3KnepssT3Wdx2x3xR50sd0k-rwe7t_BQMvwrdGVGKjhRghKFm4FG8gpOk2tS6DxHDywJPDKCBi8QBHCnDBjKBrN-wPnADf8:1pp0cd:xPyGFRHOOie6Sc4KijieUu5dfi6X43alq-9qQESLx0M", "expire_date": "2023-05-03T05:44:51.448Z"}}, {"model": "sessions.session", "pk": "w81474n3j4y9oczafw7z72jw0h9ff8pr", "fields": {"session_data": ".eJxVjEsOwjAMBe-SNYqcTxvDkn3PUDm2QwsolfpZIe4OlbqA7ZuZ9zI9bevQb4vO_SjmYpw5_W6Z-KF1B3KnepssT3Wdx2x3xR50sd0k-rwe7t_BQMvwrdGVGKjhRghKFm4FG8gpOk2tS6DxHDywJPDKCBi8QBHCnDBjKBrN-wPnADf8:1pp18u:yEYQIEXSNGj-fRSv_CB4ap4_XZaIdlsG7RajAht8EDg", "expire_date": "2023-05-03T06:18:12.335Z"}}, {"model": "accounts.user", "pk": 1, "fields": {"password": "pbkdf2_sha256$600000$xqSkdKH0hNqHIFMT4ov27c$elroMh3d7nlqimC7WUio+2bPUqDSUypG3X+iSuxK8X4=", "last_login": "2023-04-19T06:18:12.331Z", "is_superuser": true, "username": "mohit", "first_name": "", "last_name": "", "email": "mohit@gmail.com", "is_staff": true, "is_active": true, "date_joined": "2023-04-19T05:22:48.942Z", "phoneNumber": null, "avatars": "", "groups": [], "user_permissions": []}}, {"model": "accounts.user", "pk": 2, "fields": {"password": "pbkdf2_sha256$600000$amKYpDJjbg3vNeLkqciSdo$xLmnGKnuiHwm19kT0Sdvx9W6EQo5T1xFFuDkh+08eUc=", "last_login": null, "is_superuser": false, "username": "spongebob", "first_name": "Spongebob", "last_name": "Squarepants", "email": "sponge@gmail.com", "is_staff": false, "is_active": true, "date_joined": "2023-04-19T05:24:23.659Z", "phoneNumber": 6137778272, "avatars": "avatars/Spongebob_kPm1vsJ.png", "groups": [], "user_permissions": []}}, {"model": "accounts.user", "pk": 3, "fields": {"password": "pbkdf2_sha256$600000$OlnUlmoJDuFpwkqSH5k7Sh$cNnq2JlBfBTS9p0Tg789/rdxGonwf8YcveYLuQg0FNY=", "last_login": null, "is_superuser": false, "username": "patrick1", "first_name": "Patrick", "last_name": "Star", "email": "patrick@gmail.com", "is_staff": false, "is_active": true, "date_joined": "2023-04-19T05:25:01.209Z", "phoneNumber": 12345678, "avatars": "avatars/Patrick_MCIOPTx.png", "groups": [], "user_permissions": []}}, {"model": "accounts.user", "pk": 4, "fields": {"password": "pbkdf2_sha256$600000$ntA2FvfdIOxwZjRbtVhSyg$W/ng6zJOq0DE9/9FXsndEOwOx7/3c/5pWh1eMY5KywQ=", "last_login": null, "is_superuser": false, "username": "Squidward", "first_name": "Squidward", "last_name": "Tentacles", "email": "squidward@gmail.com", "is_staff": false, "is_active": true, "date_joined": "2023-04-19T05:29:24.900Z", "phoneNumber": 6131234567, "avatars": "avatars/Squidward_kt72qKM.png", "groups": [], "user_permissions": []}}, {"model": "accounts.user", "pk": 5, "fields": {"password": "pbkdf2_sha256$600000$uYVBt66WbOBMRmQD3jC9lY$ij4ummJu3yc7YjwdPgFrFXYTJZXWq+fmDoquS73YzK0=", "last_login": null, "is_superuser": false, "username": "mrkrabs", "first_name": "Eugene", "last_name": "Krabs", "email": "mrkrabs@gmail.com", "is_staff": false, "is_active": true, "date_joined": "2023-04-19T05:30:00.384Z", "phoneNumber": 8278881234, "avatars": "avatars/krabs.png", "groups": [], "user_permissions": []}}, {"model": "properties.property", "pk": 2, "fields": {"owner": 2, "name": "Pineapple House", "address": "100 Conch St", "city": "Bikini Bottom", "country": "Fiji", "postal_code": "WATER", "price": 88, "currency": "CAD", "description": "Don't be scared of its prickly appearance. The pineapple house is very comfortable.", "number_of_guests": 3, "number_of_beds": 2, "number_of_baths": 2, "wifi": false, "petfriendly": true, "tv": true, "pillows": true}}, {"model": "properties.property", "pk": 3, "fields": {"owner": 4, "name": "Moai House", "address": "200 Conch St", "city": "Bikini Bottom", "country": "Fiji", "postal_code": "MOAI", "price": 133, "currency": "CAD", "description": "The most boring stay. 1 guest allowed. You must live in solitude.", "number_of_guests": 1, "number_of_beds": 1, "number_of_baths": 1, "wifi": true, "petfriendly": false, "tv": false, "pillows": true}}, {"model": "properties.property", "pk": 4, "fields": {"owner": 5, "name": "Anchor", "address": "192 Water Way", "city": "Bikini Bottom", "country": "Fiji", "postal_code": "WATER", "price": 249, "currency": "CAD", "description": "Ahoy there! Have a relaxing stay in this wonderful home. Don't forge to bring money. I like money!", "number_of_guests": 4, "number_of_beds": 0, "number_of_baths": 0, "wifi": false, "petfriendly": false, "tv": true, "pillows": true}}, {"model": "properties.property", "pk": 6, "fields": {"owner": 3, "name": "Shoals", "address": "309 Conch St", "city": "Bikini Bottom", "country": "Canada", "postal_code": "213ASD", "price": 35, "currency": "CAD", "description": "It's a little old, but", "number_of_guests": 1, "number_of_beds": 1, "number_of_baths": 1, "wifi": false, "petfriendly": false, "tv": false, "pillows": false}}, {"model": "properties.property", "pk": 7, "fields": {"owner": 4, "name": "Ice House", "address": "100 Ice Mountain Road", "city": "Ice", "country": "Canada", "postal_code": "ICEY", "price": 50, "currency": "CAD", "description": "Very Icy but clean!", "number_of_guests": 2, "number_of_beds": 2, "number_of_baths": 1, "wifi": true, "petfriendly": true, "tv": false, "pillows": true}}, {"model": "properties.property", "pk": 8, "fields": {"owner": 3, "name": "Simpson's House", "address": "142 Park Avenue", "city": "Toronto", "country": "United States", "postal_code": "R9F8W2", "price": 140, "currency": "CAD", "description": "You will enjoy your stay here!", "number_of_guests": 2, "number_of_beds": 1, "number_of_baths": 1, "wifi": true, "petfriendly": true, "tv": true, "pillows": false}}, {"model": "properties.property", "pk": 9, "fields": {"owner": 4, "name": "Marceline's House", "address": "200 Shades St", "city": "Cave", "country": "Fiji", "postal_code": "ADV", "price": 200, "currency": "CAD", "description": "Cozy and well hidden, perfect for a getaway!", "number_of_guests": 2, "number_of_beds": 1, "number_of_baths": 1, "wifi": true, "petfriendly": true, "tv": true, "pillows": true}}, {"model": "properties.property", "pk": 10, "fields": {"owner": 3, "name": "Tree House", "address": "1001 Tree St", "city": "Toronto", "country": "Canada", "postal_code": "AST123", "price": 128, "currency": "CAD", "description": "You will have a great adventure time here! Please stay!!!", "number_of_guests": 2, "number_of_beds": 2, "number_of_baths": 3, "wifi": true, "petfriendly": false, "tv": true, "pillows": false}}, {"model": "properties.property", "pk": 11, "fields": {"owner": 5, "name": "Treedome", "address": "1 Dome Lane", "city": "Bikini Bottom", "country": "Fiji", "postal_code": "DOME", "price": 150, "currency": "CAD", "description": "A special underwater home for air-breathing creatures", "number_of_guests": 1, "number_of_beds": 1, "number_of_baths": 1, "wifi": true, "petfriendly": true, "tv": false, "pillows": false}}, {"model": "properties.property", "pk": 12, "fields": {"owner": 4, "name": "Phineas House", "address": "100 st", "city": "Toronto", "country": "Canada", "postal_code": "M00000", "price": 150, "currency": "CAD", "description": "A very big house", "number_of_guests": 2, "number_of_beds": 1, "number_of_baths": 1, "wifi": true, "petfriendly": false, "tv": true, "pillows": true}}, {"model": "properties.property", "pk": 13, "fields": {"owner": 3, "name": "Park House", "address": "15 Park Avenue", "city": "Toronto", "country": "Canada", "postal_code": "A4TY64", "price": 109, "currency": "CAD", "description": "Great view and nice park!", "number_of_guests": 1, "number_of_beds": 2, "number_of_baths": 2, "wifi": true, "petfriendly": true, "tv": true, "pillows": true}}, {"model": "properties.property", "pk": 14, "fields": {"owner": 5, "name": "The Chumbucket", "address": "1 Chummy Avenue", "city": "Bikini Bottom", "country": "Canada", "postal_code": "MEEP", "price": 57, "currency": "CAD", "description": "A bucket of chum. Kinda smelly, a little cold, and overall unpleasant stay.", "number_of_guests": 2, "number_of_beds": 1, "number_of_baths": 1, "wifi": true, "petfriendly": false, "tv": true, "pillows": false}}, {"model": "properties.property", "pk": 15, "fields": {"owner": 3, "name": "Rock House", "address": "10 Conch Street", "city": "Bikini Bottom", "country": "Fiji", "postal_code": "ROCK", "price": 10, "currency": "CAD", "description": "It's not just a boulder... it's a rock!", "number_of_guests": 1, "number_of_beds": 1, "number_of_baths": 1, "wifi": false, "petfriendly": false, "tv": true, "pillows": false}}, {"model": "properties.property", "pk": 16, "fields": {"owner": 4, "name": "Pink Gold House", "address": "242 Conch Street", "city": "Bikini Bottom", "country": "Fiji", "postal_code": "BKBT", "price": 70, "currency": "CAD", "description": "A pink and gold house with fences", "number_of_guests": 2, "number_of_beds": 2, "number_of_baths": 1, "wifi": false, "petfriendly": false, "tv": false, "pillows": true}}, {"model": "properties.property", "pk": 17, "fields": {"owner": 5, "name": "Bear House", "address": "1 Bear St", "city": "Beartown", "country": "Canada", "postal_code": "BEAR", "price": 99, "currency": "CAD", "description": "Surrounded by nature, this place is a hidden gem.", "number_of_guests": 4, "number_of_beds": 4, "number_of_baths": 1, "wifi": false, "petfriendly": true, "tv": false, "pillows": true}}, {"model": "properties.property", "pk": 18, "fields": {"owner": 5, "name": "Castle House", "address": "1 Castle St", "city": "Ottawa", "country": "Canada", "postal_code": "MKS123", "price": 388, "currency": "CAD", "description": "A pretty castle", "number_of_guests": 7, "number_of_beds": 7, "number_of_baths": 8, "wifi": true, "petfriendly": true, "tv": true, "pillows": true}}, {"model": "properties.property", "pk": 19, "fields": {"owner": 2, "name": "Doofenschmirtz Evil Incorporated", "address": "1 Doofy St", "city": "Doof Town", "country": "United States", "postal_code": "DOO123", "price": 200, "currency": "CAD", "description": "Have a lovely stay, as long as you're not PERRY THE PLATAPUS", "number_of_guests": 2, "number_of_beds": 2, "number_of_baths": 2, "wifi": true, "petfriendly": false, "tv": true, "pillows": true}}, {"model": "properties.property", "pk": 20, "fields": {"owner": 2, "name": "Dora's House", "address": "1 Street", "city": "Toronto", "country": "Canada", "postal_code": "M5T123", "price": 122, "currency": "CAD", "description": "Hola soy Dora!", "number_of_guests": 3, "number_of_beds": 3, "number_of_baths": 2, "wifi": false, "petfriendly": true, "tv": false, "pillows": true}}, {"model": "properties.property", "pk": 21, "fields": {"owner": 2, "name": "Gravity House", "address": "1 Gravity St", "city": "Gravity City", "country": "France", "postal_code": "GRAV12", "price": 111, "currency": "CAD", "description": "It's a house. There is gravity", "number_of_guests": 5, "number_of_beds": 3, "number_of_baths": 3, "wifi": false, "petfriendly": true, "tv": false, "pillows": true}}, {"model": "properties.property", "pk": 22, "fields": {"owner": 2, "name": "Howler's House", "address": "1 Rocky Road", "city": "Victoria", "country": "Canada", "postal_code": "MOT123", "price": 215, "currency": "CAD", "description": "A house that moves.", "number_of_guests": 4, "number_of_beds": 4, "number_of_baths": 3, "wifi": true, "petfriendly": true, "tv": false, "pillows": false}}, {"model": "properties.reservation", "pk": 1, "fields": {"property": 2, "status": "PendingCancel", "requester": 4, "res_start_time": "2023-04-21", "res_end_time": "2023-04-22", "price": "88.00", "guests": "1"}}, {"model": "properties.reservation", "pk": 2, "fields": {"property": 7, "status": "Expired", "requester": 3, "res_start_time": "2023-04-08", "res_end_time": "2023-04-16", "price": "50.00", "guests": "1"}}, {"model": "properties.reservation", "pk": 3, "fields": {"property": 15, "status": "Denied", "requester": 5, "res_start_time": "2023-04-22", "res_end_time": "2023-04-24", "price": "10.00", "guests": "3"}}, {"model": "properties.reservation", "pk": 4, "fields": {"property": 17, "status": "Completed", "requester": 4, "res_start_time": "2023-04-30", "res_end_time": "2023-05-01", "price": "99.00", "guests": "2"}}, {"model": "properties.reservation", "pk": 5, "fields": {"property": 6, "status": "Approved", "requester": 5, "res_start_time": "2023-04-29", "res_end_time": "2023-05-02", "price": "35.00", "guests": "3"}}, {"model": "properties.reservation", "pk": 6, "fields": {"property": 14, "status": "Completed", "requester": 3, "res_start_time": "2023-04-08", "res_end_time": "2023-04-23", "price": "57.00", "guests": "1"}}, {"model": "properties.reservation", "pk": 7, "fields": {"property": 7, "status": "Denied", "requester": 5, "res_start_time": "2023-04-30", "res_end_time": "2023-05-05", "price": "50.00", "guests": "1"}}, {"model": "properties.reservation", "pk": 8, "fields": {"property": 16, "status": "Expired", "requester": 3, "res_start_time": "2023-04-07", "res_end_time": "2023-04-15", "price": "70.00", "guests": "1"}}, {"model": "properties.reservation", "pk": 9, "fields": {"property": 2, "status": "Expired", "requester": 3, "res_start_time": "2023-02-09", "res_end_time": "2023-02-28", "price": "88.00", "guests": "1"}}, {"model": "properties.reservation", "pk": 10, "fields": {"property": 17, "status": "Completed", "requester": 3, "res_start_time": "2023-04-01", "res_end_time": "2023-04-02", "price": "99.00", "guests": "1"}}, {"model": "properties.reservation", "pk": 11, "fields": {"property": 16, "status": "Completed", "requester": 5, "res_start_time": "2023-05-23", "res_end_time": "2023-05-26", "price": "70.00", "guests": "3"}}, {"model": "properties.reservation", "pk": 12, "fields": {"property": 21, "status": "Approved", "requester": 3, "res_start_time": "2023-04-23", "res_end_time": "2023-04-26", "price": "111.00", "guests": "1"}}, {"model": "properties.reservation", "pk": 13, "fields": {"property": 2, "status": "Denied", "requester": 5, "res_start_time": "2023-06-01", "res_end_time": "2023-06-16", "price": "88.00", "guests": "3"}}, {"model": "properties.reservation", "pk": 14, "fields": {"property": 21, "status": "Completed", "requester": 4, "res_start_time": "2023-04-19", "res_end_time": "2023-04-21", "price": "111.00", "guests": "1"}}, {"model": "properties.reservation", "pk": 15, "fields": {"property": 8, "status": "Denied", "requester": 4, "res_start_time": "2023-04-28", "res_end_time": "2023-04-29", "price": "140.00", "guests": "1"}}, {"model": "properties.reservation", "pk": 16, "fields": {"property": 11, "status": "Expired", "requester": 3, "res_start_time": "2023-03-07", "res_end_time": "2023-03-16", "price": "150.00", "guests": "1"}}, {"model": "properties.reservation", "pk": 17, "fields": {"property": 12, "status": "Expired", "requester": 3, "res_start_time": "2023-04-04", "res_end_time": "2023-04-07", "price": "150.00", "guests": "1"}}, {"model": "properties.reservation", "pk": 18, "fields": {"property": 11, "status": "Pending", "requester": 4, "res_start_time": "2023-05-03", "res_end_time": "2023-05-04", "price": "150.00", "guests": "3"}}, {"model": "properties.reservation", "pk": 19, "fields": {"property": 9, "status": "Approved", "requester": 3, "res_start_time": "2023-04-29", "res_end_time": "2023-04-30", "price": "200.00", "guests": "1"}}, {"model": "properties.reservation", "pk": 20, "fields": {"property": 20, "status": "Approved", "requester": 5, "res_start_time": "2023-08-01", "res_end_time": "2023-08-05", "price": "122.00", "guests": "3"}}, {"model": "properties.reservation", "pk": 21, "fields": {"property": 19, "status": "Terminated", "requester": 3, "res_start_time": "2023-04-27", "res_end_time": "2023-04-30", "price": "200.00", "guests": "1"}}, {"model": "properties.reservation", "pk": 22, "fields": {"property": 22, "status": "Pending", "requester": 3, "res_start_time": "2023-05-13", "res_end_time": "2023-05-24", "price": "215.00", "guests": "1"}}, {"model": "properties.reservation", "pk": 23, "fields": {"property": 15, "status": "Completed", "requester": 2, "res_start_time": "2023-04-10", "res_end_time": "2023-04-11", "price": "10.00", "guests": "3"}}, {"model": "properties.reservation", "pk": 24, "fields": {"property": 4, "status": "Approved", "requester": 3, "res_start_time": "2023-04-23", "res_end_time": "2023-04-27", "price": "249.00", "guests": "1"}}, {"model": "properties.reservation", "pk": 25, "fields": {"property": 6, "status": "Approved", "requester": 2, "res_start_time": "2023-04-20", "res_end_time": "2023-04-25", "price": "35.00", "guests": "3"}}, {"model": "properties.reservation", "pk": 26, "fields": {"property": 18, "status": "Pending", "requester": 3, "res_start_time": "2023-04-06", "res_end_time": "2023-04-08", "price": "388.00", "guests": "1"}}, {"model": "properties.reservation", "pk": 27, "fields": {"property": 15, "status": "Pending", "requester": 4, "res_start_time": "2023-05-05", "res_end_time": "2023-05-06", "price": "10.00", "guests": "3"}}, {"model": "properties.reservation", "pk": 28, "fields": {"property": 13, "status": "Approved", "requester": 2, "res_start_time": "2023-07-10", "res_end_time": "2023-07-16", "price": "109.00", "guests": "4+"}}, {"model": "properties.reservation", "pk": 29, "fields": {"property": 18, "status": "Completed", "requester": 4, "res_start_time": "2023-03-08", "res_end_time": "2023-03-13", "price": "388.00", "guests": "1"}}, {"model": "properties.reservation", "pk": 30, "fields": {"property": 6, "status": "Completed", "requester": 2, "res_start_time": "2023-02-01", "res_end_time": "2023-02-14", "price": "35.00", "guests": "1"}}, {"model": "properties.notification", "pk": 1, "fields": {"user": 2, "date": "2023-04-19T06:08:08.525Z", "message": "A reservation was just made on your property", "content_type": 8, "object_id": 1}}, {"model": "properties.notification", "pk": 2, "fields": {"user": 4, "date": "2023-04-19T06:08:10.786Z", "message": "A reservation was just made on your property", "content_type": 8, "object_id": 2}}, {"model": "properties.notification", "pk": 3, "fields": {"user": 3, "date": "2023-04-19T06:08:29.973Z", "message": "A reservation was just made on your property", "content_type": 8, "object_id": 3}}, {"model": "properties.notification", "pk": 4, "fields": {"user": 5, "date": "2023-04-19T06:08:52.141Z", "message": "A reservation was just made on your property", "content_type": 8, "object_id": 4}}, {"model": "properties.notification", "pk": 5, "fields": {"user": 3, "date": "2023-04-19T06:08:59.119Z", "message": "A reservation was just made on your property", "content_type": 8, "object_id": 5}}, {"model": "properties.notification", "pk": 6, "fields": {"user": 5, "date": "2023-04-19T06:09:12.129Z", "message": "A reservation was just made on your property", "content_type": 8, "object_id": 6}}, {"model": "properties.notification", "pk": 7, "fields": {"user": 4, "date": "2023-04-19T06:09:14.888Z", "message": "A reservation was just made on your property", "content_type": 8, "object_id": 7}}, {"model": "properties.notification", "pk": 8, "fields": {"user": 4, "date": "2023-04-19T06:09:27.788Z", "message": "A reservation was just made on your property", "content_type": 8, "object_id": 8}}, {"model": "properties.notification", "pk": 9, "fields": {"user": 2, "date": "2023-04-19T06:09:53.667Z", "message": "A reservation was just made on your property", "content_type": 8, "object_id": 9}}, {"model": "properties.notification", "pk": 10, "fields": {"user": 5, "date": "2023-04-19T06:10:09.713Z", "message": "A reservation was just made on your property", "content_type": 8, "object_id": 10}}, {"model": "properties.notification", "pk": 11, "fields": {"user": 4, "date": "2023-04-19T06:10:11.156Z", "message": "A reservation was just made on your property", "content_type": 8, "object_id": 11}}, {"model": "properties.notification", "pk": 12, "fields": {"user": 2, "date": "2023-04-19T06:10:31.634Z", "message": "A reservation was just made on your property", "content_type": 8, "object_id": 12}}, {"model": "properties.notification", "pk": 13, "fields": {"user": 2, "date": "2023-04-19T06:10:35.518Z", "message": "A reservation was just made on your property", "content_type": 8, "object_id": 13}}, {"model": "properties.notification", "pk": 14, "fields": {"user": 2, "date": "2023-04-19T06:10:38.144Z", "message": "A reservation was just made on your property", "content_type": 8, "object_id": 14}}, {"model": "properties.notification", "pk": 15, "fields": {"user": 3, "date": "2023-04-19T06:11:01.067Z", "message": "A reservation was just made on your property", "content_type": 8, "object_id": 15}}, {"model": "properties.notification", "pk": 16, "fields": {"user": 5, "date": "2023-04-19T06:11:02.489Z", "message": "A reservation was just made on your property", "content_type": 8, "object_id": 16}}, {"model": "properties.notification", "pk": 17, "fields": {"user": 4, "date": "2023-04-19T06:11:30.311Z", "message": "A reservation was just made on your property", "content_type": 8, "object_id": 17}}, {"model": "properties.notification", "pk": 18, "fields": {"user": 5, "date": "2023-04-19T06:11:31.600Z", "message": "A reservation was just made on your property", "content_type": 8, "object_id": 18}}, {"model": "properties.notification", "pk": 19, "fields": {"user": 4, "date": "2023-04-19T06:11:40.359Z", "message": "A reservation was just made on your property", "content_type": 8, "object_id": 19}}, {"model": "properties.notification", "pk": 20, "fields": {"user": 2, "date": "2023-04-19T06:11:49.229Z", "message": "A reservation was just made on your property", "content_type": 8, "object_id": 20}}, {"model": "properties.notification", "pk": 21, "fields": {"user": 2, "date": "2023-04-19T06:11:58.825Z", "message": "A reservation was just made on your property", "content_type": 8, "object_id": 21}}, {"model": "properties.notification", "pk": 22, "fields": {"user": 2, "date": "2023-04-19T06:12:13.307Z", "message": "A reservation was just made on your property", "content_type": 8, "object_id": 22}}, {"model": "properties.notification", "pk": 23, "fields": {"user": 3, "date": "2023-04-19T06:12:22.968Z", "message": "A reservation was just made on your property", "content_type": 8, "object_id": 23}}, {"model": "properties.notification", "pk": 24, "fields": {"user": 5, "date": "2023-04-19T06:12:27.542Z", "message": "A reservation was just made on your property", "content_type": 8, "object_id": 24}}, {"model": "properties.notification", "pk": 25, "fields": {"user": 3, "date": "2023-04-19T06:12:37.325Z", "message": "A reservation was just made on your property", "content_type": 8, "object_id": 25}}, {"model": "properties.notification", "pk": 26, "fields": {"user": 5, "date": "2023-04-19T06:12:38.585Z", "message": "A reservation was just made on your property", "content_type": 8, "object_id": 26}}, {"model": "properties.notification", "pk": 27, "fields": {"user": 3, "date": "2023-04-19T06:12:53.529Z", "message": "A reservation was just made on your property", "content_type": 8, "object_id": 27}}, {"model": "properties.notification", "pk": 28, "fields": {"user": 3, "date": "2023-04-19T06:13:05.436Z", "message": "A reservation was just made on your property", "content_type": 8, "object_id": 28}}, {"model": "properties.notification", "pk": 29, "fields": {"user": 5, "date": "2023-04-19T06:13:54.760Z", "message": "A reservation was just made on your property", "content_type": 8, "object_id": 29}}, {"model": "properties.notification", "pk": 30, "fields": {"user": 5, "date": "2023-04-19T06:14:30.955Z", "message": "Your pending request has just been approved!", "content_type": 8, "object_id": 5}}, {"model": "properties.notification", "pk": 31, "fields": {"user": 2, "date": "2023-04-19T06:14:33.060Z", "message": "Your pending request has just been approved!", "content_type": 8, "object_id": 25}}, {"model": "properties.notification", "pk": 32, "fields": {"user": 4, "date": "2023-04-19T06:14:35.250Z", "message": "Your pending request has just been denied", "content_type": 7, "object_id": 8}}, {"model": "properties.notification", "pk": 33, "fields": {"user": 3, "date": "2023-04-19T06:14:37.608Z", "message": "Your pending request has just been approved!", "content_type": 8, "object_id": 24}}, {"model": "properties.notification", "pk": 34, "fields": {"user": 2, "date": "2023-04-19T06:14:38.403Z", "message": "Your pending request has just been approved!", "content_type": 8, "object_id": 28}}, {"model": "properties.notification", "pk": 35, "fields": {"user": 5, "date": "2023-04-19T06:14:39.864Z", "message": "Your pending request has just been denied", "content_type": 7, "object_id": 15}}, {"model": "properties.notification", "pk": 36, "fields": {"user": 5, "date": "2023-04-19T06:14:43.988Z", "message": "Your pending request has just been denied", "content_type": 7, "object_id": 7}}, {"model": "properties.notification", "pk": 37, "fields": {"user": 3, "date": "2023-04-19T06:14:54.168Z", "message": "Your pending request has just been approved!", "content_type": 8, "object_id": 19}}, {"model": "properties.notification", "pk": 38, "fields": {"user": 4, "date": "2023-04-19T06:15:31.986Z", "message": "Your pending request has just been approved!", "content_type": 8, "object_id": 1}}, {"model": "properties.notification", "pk": 39, "fields": {"user": 2, "date": "2023-04-19T06:15:57.114Z", "message": "A request for cancellation was just made on your property", "content_type": 8, "object_id": 1}}, {"model": "properties.notification", "pk": 40, "fields": {"user": 5, "date": "2023-04-19T06:16:19.565Z", "message": "Your pending request has just been denied", "content_type": 7, "object_id": 2}}, {"model": "properties.notification", "pk": 41, "fields": {"user": 3, "date": "2023-04-19T06:16:22.567Z", "message": "Your pending request has just been approved!", "content_type": 8, "object_id": 21}}, {"model": "properties.notification", "pk": 42, "fields": {"user": 5, "date": "2023-04-19T06:16:24.470Z", "message": "Your pending request has just been approved!", "content_type": 8, "object_id": 20}}, {"model": "properties.notification", "pk": 43, "fields": {"user": 3, "date": "2023-04-19T06:16:28.476Z", "message": "Your reservation has just been terminated by the host", "content_type": 8, "object_id": 21}}, {"model": "properties.notification", "pk": 44, "fields": {"user": 4, "date": "2023-04-19T06:16:37.691Z", "message": "Your pending request has just been approved!", "content_type": 8, "object_id": 14}}, {"model": "properties.notification", "pk": 45, "fields": {"user": 3, "date": "2023-04-19T06:16:41.619Z", "message": "Your pending request has just been approved!", "content_type": 8, "object_id": 12}}, {"model": "properties.notification", "pk": 46, "fields": {"user": 3, "date": "2023-04-19T06:17:48.623Z", "message": "A reservation was just made on your property", "content_type": 8, "object_id": 30}}, {"model": "properties.propertyimage", "pk": 13, "fields": {"property": 2, "image": "avatars/Pineapple1_ObId2VA.jpg"}}, {"model": "properties.propertyimage", "pk": 14, "fields": {"property": 2, "image": "avatars/Pineapple3_VcUZEXQ.jpg"}}, {"model": "properties.propertyimage", "pk": 15, "fields": {"property": 2, "image": "avatars/Pineapple2_ZN6PFoQ.jpg"}}, {"model": "properties.propertyimage", "pk": 27, "fields": {"property": 4, "image": "avatars/Anchor2_9ag8fdO.jpg"}}, {"model": "properties.propertyimage", "pk": 28, "fields": {"property": 4, "image": "avatars/Anchor3_iJy5tDd.jpg"}}, {"model": "properties.propertyimage", "pk": 29, "fields": {"property": 4, "image": "avatars/Anchor1_vyaWJp7.jpg"}}, {"model": "properties.propertyimage", "pk": 46, "fields": {"property": 6, "image": "avatars/Shoals3.jpg"}}, {"model": "properties.propertyimage", "pk": 47, "fields": {"property": 6, "image": "avatars/Shoals2.jpg"}}, {"model": "properties.propertyimage", "pk": 48, "fields": {"property": 6, "image": "avatars/Shoals1.jpg"}}, {"model": "properties.propertyimage", "pk": 55, "fields": {"property": 7, "image": "avatars/Ice1.jpg"}}, {"model": "properties.propertyimage", "pk": 56, "fields": {"property": 7, "image": "avatars/Ice2.jpg"}}, {"model": "properties.propertyimage", "pk": 57, "fields": {"property": 7, "image": "avatars/Ice3.jpg"}}, {"model": "properties.propertyimage", "pk": 58, "fields": {"property": 8, "image": "avatars/Simpsons3.jpg"}}, {"model": "properties.propertyimage", "pk": 59, "fields": {"property": 8, "image": "avatars/Simpsons2.jpg"}}, {"model": "properties.propertyimage", "pk": 60, "fields": {"property": 8, "image": "avatars/Simpsons1.jpg"}}, {"model": "properties.propertyimage", "pk": 66, "fields": {"property": 10, "image": "avatars/Tree2.jpg"}}, {"model": "properties.propertyimage", "pk": 67, "fields": {"property": 10, "image": "avatars/Tree1.jpg"}}, {"model": "properties.propertyimage", "pk": 68, "fields": {"property": 10, "image": "avatars/Tree3.jpg"}}, {"model": "properties.propertyimage", "pk": 69, "fields": {"property": 11, "image": "avatars/Dome2.jpg"}}, {"model": "properties.propertyimage", "pk": 70, "fields": {"property": 11, "image": "avatars/Dome1.jpg"}}, {"model": "properties.propertyimage", "pk": 71, "fields": {"property": 11, "image": "avatars/Dome3.jpg"}}, {"model": "properties.propertyimage", "pk": 76, "fields": {"property": 13, "image": "avatars/Regular1_YKUDT56.jpg"}}, {"model": "properties.propertyimage", "pk": 77, "fields": {"property": 13, "image": "avatars/Regular2_IqFBx6E.jpg"}}, {"model": "properties.propertyimage", "pk": 78, "fields": {"property": 13, "image": "avatars/Regular3_stgqGDo.jpg"}}, {"model": "properties.propertyimage", "pk": 79, "fields": {"property": 14, "image": "avatars/Chum2.jpg"}}, {"model": "properties.propertyimage", "pk": 80, "fields": {"property": 14, "image": "avatars/Chum1.jpg"}}, {"model": "properties.propertyimage", "pk": 81, "fields": {"property": 14, "image": "avatars/Chum3.jpg"}}, {"model": "properties.propertyimage", "pk": 82, "fields": {"property": 15, "image": "avatars/Rock1_9RpEtkn.jpg"}}, {"model": "properties.propertyimage", "pk": 83, "fields": {"property": 15, "image": "avatars/Rock3_aASH68B.jpg"}}, {"model": "properties.propertyimage", "pk": 84, "fields": {"property": 15, "image": "avatars/Rock2_lhpyVmi.jpg"}}, {"model": "properties.propertyimage", "pk": 89, "fields": {"property": 17, "image": "avatars/Bear3.jpg"}}, {"model": "properties.propertyimage", "pk": 90, "fields": {"property": 17, "image": "avatars/Bear1.jpg"}}, {"model": "properties.propertyimage", "pk": 91, "fields": {"property": 17, "image": "avatars/Bear2.jpg"}}, {"model": "properties.propertyimage", "pk": 92, "fields": {"property": 18, "image": "avatars/Castle1.jpg"}}, {"model": "properties.propertyimage", "pk": 93, "fields": {"property": 18, "image": "avatars/Castle2.jpg"}}, {"model": "properties.propertyimage", "pk": 94, "fields": {"property": 18, "image": "avatars/Castle3.jpg"}}, {"model": "properties.propertyimage", "pk": 95, "fields": {"property": 19, "image": "avatars/Doof1.jpg"}}, {"model": "properties.propertyimage", "pk": 96, "fields": {"property": 19, "image": "avatars/Doof3.jpg"}}, {"model": "properties.propertyimage", "pk": 97, "fields": {"property": 19, "image": "avatars/Doof2.jpg"}}, {"model": "properties.propertyimage", "pk": 98, "fields": {"property": 19, "image": "avatars/Gravity2.jpg"}}, {"model": "properties.propertyimage", "pk": 99, "fields": {"property": 20, "image": "avatars/Dora1.jpg"}}, {"model": "properties.propertyimage", "pk": 100, "fields": {"property": 20, "image": "avatars/Dora3.jpg"}}, {"model": "properties.propertyimage", "pk": 101, "fields": {"property": 20, "image": "avatars/Dora2.jpg"}}, {"model": "properties.propertyimage", "pk": 102, "fields": {"property": 9, "image": "avatars/Marceline1_tV9gDfO.jpg"}}, {"model": "properties.propertyimage", "pk": 103, "fields": {"property": 9, "image": "avatars/Marceline2_XZwJXyR.jpg"}}, {"model": "properties.propertyimage", "pk": 104, "fields": {"property": 9, "image": "avatars/Marceline3_dpzTpG5.jpg"}}, {"model": "properties.propertyimage", "pk": 105, "fields": {"property": 12, "image": "avatars/Phineas1_o30dK0d.jpg"}}, {"model": "properties.propertyimage", "pk": 106, "fields": {"property": 12, "image": "avatars/Phineas2_a1lDzu8.jpg"}}, {"model": "properties.propertyimage", "pk": 107, "fields": {"property": 12, "image": "avatars/Phineas3_v4zv2ii.jpg"}}, {"model": "properties.propertyimage", "pk": 108, "fields": {"property": 16, "image": "avatars/Puff1_x63Kakh.jpg"}}, {"model": "properties.propertyimage", "pk": 109, "fields": {"property": 16, "image": "avatars/Puff2_LjjJnz7.jpg"}}, {"model": "properties.propertyimage", "pk": 110, "fields": {"property": 16, "image": "avatars/Puff3_yoG4ZaM.jpg"}}, {"model": "properties.propertyimage", "pk": 111, "fields": {"property": 21, "image": "avatars/Gravity2_eXkaFTH.jpg"}}, {"model": "properties.propertyimage", "pk": 112, "fields": {"property": 21, "image": "avatars/Gravity1.jpg"}}, {"model": "properties.propertyimage", "pk": 113, "fields": {"property": 21, "image": "avatars/Gravity3.jpg"}}, {"model": "properties.propertyimage", "pk": 114, "fields": {"property": 3, "image": "avatars/Moai1_oWxqfGX.jpg"}}, {"model": "properties.propertyimage", "pk": 115, "fields": {"property": 3, "image": "avatars/Moai2_4uYtqmR.jpg"}}, {"model": "properties.propertyimage", "pk": 116, "fields": {"property": 3, "image": "avatars/Moai3_fdQCE03.jpg"}}, {"model": "properties.propertyimage", "pk": 117, "fields": {"property": 22, "image": "avatars/Howls1.jpg"}}, {"model": "properties.propertyimage", "pk": 118, "fields": {"property": 22, "image": "avatars/Howls2.jpg"}}, {"model": "properties.propertyimage", "pk": 119, "fields": {"property": 22, "image": "avatars/Howls3.jpg"}}]